<?xml version="1.0" encoding="UTF-8"?>
<spirit:busDefinition xmlns:xilinx="http://www.xilinx.com" xmlns:spirit="http://www.spiritconsortium.org/XMLSchema/SPIRIT/1685-2009" xmlns:xsi="http://www.w3.org/2001/XMLSchema-instance">
  <spirit:vendor>xilinx.com</spirit:vendor>
  <spirit:library>display_processing_system7</spirit:library>
  <spirit:name>hpstatusctrl</spirit:name>
  <spirit:version>1.0</spirit:version>
  <spirit:directConnection>false</spirit:directConnection>
  <spirit:isAddressable>false</spirit:isAddressable>
  <spirit:description>Zynq HP status ctrl interface consists of FIFO occupancy and Interconnect Issuance Throttling signals for High performance axi interface</spirit:description>
</spirit:busDefinition>
